{"cameraMode":{"drawMode":0,"name":"Shaded","section":"Shading Mode"},"sceneLighting":true,"audioPlay":false,"sceneViewState":{"m_AlwaysRefresh":false,"showFog":true,"showSkybox":true,"showFlares":true,"showImageEffects":true,"showParticleSystems":true,"showVisualEffectGraphs":true,"m_FxEnabled":true},"in2DMode":false,"pivot":{"x":-0.3141484558582306,"y":2.967951774597168,"z":-4.097826957702637},"rotation":{"x":0.26383209228515627,"y":0.007234242744743824,"z":-0.001979479566216469,"w":0.9645416736602783},"size":3.7231011390686037,"orthographic":false}